{"Pa": 0.2015443189359303, "Pbest": 0.04185318272311637}