{"Pa": 0.4698840604238173, "Pbest": 0.3638608725085808}