{"Pa": 0.8781185790296491, "Pbest": 0.853742294835579}