{"Pa": 0.22174378751156681, "Pbest": 0.06609254501388016}