{"Pa": 0.20983299438580463, "Pbest": 0.05179959326296557}