{"Pa": 0.3646179812683922, "Pbest": 0.23754157752207058}