{"Pa": 0.19318174117471476, "Pbest": 0.031818089409657704}