{"Pa": 0.25103256780674776, "Pbest": 0.10123908136809728}