{"Pa": 0.5535501918740723, "Pbest": 0.46426023024888674}