{"Pa": 0.2679496637432277, "Pbest": 0.12153959649187322}