{"Pa": 0.7415076067426843, "Pbest": 0.6898091280912212}