{"Pa": 0.2920195720294, "Pbest": 0.15042348643528}