{"Pa": 0.18065285176083168, "Pbest": 0.016783422112998023}