{"Pa": 0.4192382670739065, "Pbest": 0.30308592048868777}