{"Pa": 0.18682424983022472, "Pbest": 0.02418909979626968}