{"Pa": 0.1766710044883725, "Pbest": 0.012005205386047001}