{"Pa": 0.23483286747235294, "Pbest": 0.08179944096682354}