{"Pa": 0.32180969497773126, "Pbest": 0.1861716339732775}